{
  "IsEncrypted": false,
  "Values": {
    "FUNCTIONS_INPROC_NET8_ENABLED": "1",
    "FUNCTIONS_WORKER_RUNTIME": "dotnet",
    "ConfigBaseUrl": "https://gldev-clientconfigapi.azurewebsites.net/api",
    "BaseUrl": "https://aranet.cloud/api/v1",
    "EventHubConnection": "Endpoint=sb://gldev-externaliot.servicebus.windows.net/;SharedAccessKeyName=Publish;SharedAccessKey=U492NbK15MET3nC5WmMQ9+d34JbYUg5q8+AEhF/wYAY=;EntityPath=mqtteventhub",
    "EventHubName": "mqtteventhub",
    "AzureWebJobsStorage": "UseDevelopmentStorage=true",
    "AzureWebJobsSecretStorageType": "Files",
    "IoTHubConnection": "Endpoint=sb://ihsuproddmres002dednamespace.servicebus.windows.net/;SharedAccessKeyName=iothubowner;SharedAccessKey=slYgNrBHRvB/TEk/4T/FULV0FVuWx/pBfAIoTPLKqRo=;EntityPath=iothub-ehub-gldev-aran-57013242-2711a13282",
    "IoTHubName": "iothub-ehub-gldev-aran-57013242-2711a13282"

  }
}